Actions,Nature,Objects,People,Random,Spade,World
Running,Acacia,Airplane,Albert Einstein,Acrobat,Adventure,Amazon
Jumping,Albatross,Alarm clock,Abraham Lincoln,Airport,Alien,Andes
Swimming,Alligator,Ambulance,Adolf Hitler,Aluminum,Amazon,Antarctica
Dancing,Almond tree,Anchor,Adele,Ambulance,Ancestor,Arctic
Singing,Alpaca,Anvil,Agatha Christie,Angel,Angel,Atlantic
Reading,Amaryllis,Apple,Al Capone,Antique,Antarctica,Australia
Writing,Amazon River,Apron,Alan Turing,Aquarium,Apocalypse,Bahamas
Talking,Amber,Armchair,Alexander Graham Bell,Arrow,Archaeology,Bali
Listening,Amphibian,Arrow,Alexander the Great,Astronaut,Arctic,Bangladesh
Eating,Anaconda,Axe,Alfred Hitchcock,Avenue,Asteroid,Barcelona
Drinking,Anemone,Baby bottle,Amelia Earhart,Baby,Atlantis,Beijing
Sleeping,Angel fish,Backpack,Andy Warhol,Backpack,Aurora,Berlin
Cooking,Ant,Bag,Anne Frank,Bacon,Avalanche,Brazil
Baking,Antelope,Balloon,Aristotle,Balloon,Axe,Buenos Aires
Cleaning,Antarctica,Banana,Audrey Hepburn,Banana,Ballad,Cairo
Driving,Apple tree,Bandage,Barack Obama,Barn,Banshee,Canada
Flying,Apricot tree,Barbecue,Beethoven,Basketball,Battleship,Caribbean
Sailing,Arctic,Barrel,Ben Franklin,Beach,Bigfoot,Casablanca
Fishing,Armadillo,Basket,Beyonce,Bear,Blizzard,Chile
Hiking,Aspen,Bathtub,Bill Gates,Bee,Bookstore,China
Climbing,Aurora,Battery,Bob Dylan,Bench,Bravery,Colombia
Shopping,Avalanche,Beach ball,Bob Marley,Bicycle,Brewery,Congo
Walking,Axe handle tree,Beanbag,Bono,Bird,Broomstick,Copenhagen
Cycling,Azalea,Bed,Bram Stoker,Birthday,Buckingham Palace,Cuba
Painting,Baboon,Beehive,Bruce Lee,Blackboard,Burial,Delhi
Drawing,Badger,Bell,Bruce Springsteen,Blender,Cactus,Denmark
Sewing,Bald eagle,Bicycle,Buddha,Blizzard,Camelot,Dubai
Knitting,Bamboo,Binoculars,Buzz Aldrin,Book,Canopy,Dublin
Typing,Banana tree,Blender,Catherine the Great,Boomerang,Canyon,Egypt
Texting,Barn owl,Book,Charles Darwin,Boot,Castle,Eiffel Tower
Calling,Barracuda,Boot,Charles Dickens,Bowtie,Catacomb,England
Smiling,Basil,Bottle,Charlie Chaplin,Bracelet,Cavern,Europe
Laughing,Basilisk,Bouquet,Che Guevara,Brain,Celestial,Fiji
Crying,Bass,Bow,Christopher Columbus,Bread,Cemetery,Florida
Shouting,Bat,Bowling ball,Cleopatra,Bridge,Chariot,France
Whispering,Bay leaf,Box,Clint Eastwood,Broccoli,Chimera,Ganges
Cheering,Beach,Bracelet,Confucius,Broom,Chronicles,Germany
Clapping,Bear,Broom,Dalai Lama,Bubble,Cityscape,Giza
Waving,Bee,Bucket,Dante,Buckle,Cliffhanger,Grand Canyon
Hugging,Beech tree,Bulb,David Bowie,Building,Cloudburst,Great Wall
Kissing,Beetle,Bus,David Copperfield,Bulldozer,Clownfish,Greenland
Nodding,Beluga whale,Cage,David Letterman,Bus,Cobra,Haiti
Shaking hands,Birch tree,Calculator,David Beckham,Butterfly,Comet,Hawaii
Winking,Bird,Calendar,Desmond Tutu,Button,Compass,Himalayas
Stretching,Blackberry bush,Camera,Diana Ross,Cactus,Constellation,Hong Kong
Yawning,Blackbird,Candle,Diane Keaton,Calculator,Coral reef,Iceland
Sneezing,Blue whale,Candy,Dr. Seuss,Calendar,Cosmos,India
Coughing,Blue jay,Cane,Duke Ellington,Camera,Crater,Indonesia
Meditating,Boa constrictor,Canoe,Dwight D. Eisenhower,Campfire,Crocodile,Italy
Praying,Bobcat,Can opener,Edgar Allan Poe,Candle,Crypt,Jamaica
Exercising,Bonsai,Cap,Elijah Wood,Candy,Cyclone,Japan
Jogging,Boomerang tree,Card,Elvis Presley,Canoe,Dagger,Jerusalem
Skating,Bougainvillea,Carrot,Emily Dickinson,Carrot,Dandelion,Kenya
Skiing,Boulder,Cartridge,Emma Watson,Castle,Daydream,Kilimanjaro
Surfing,Box tree,Cartwheel,Ernest Hemingway,Cat,Desert,Korea
Snowboarding,Bracken,Cash register,Eva Peron,Ceiling,Desperado,Kuala Lumpur
Rowing,Brassica,Catapult,Frank Sinatra,Celery,Destiny,Las Vegas
Kayaking,Briar,CD,Franz Kafka,Cereal,Detective,London
Canoeing,Broccoli,Chair,Frederick Douglass,Chair,Dimension,Los Angeles
Skateboarding,Brook,Chalkboard,Frida Kahlo,Chalk,Dinosaur,Madrid
Rollerblading,Brown bear,Champagne,Galileo Galilei,Chameleon,Discovery,Maldives
Horseback riding,Buffalo,Chandelier,George Washington,Champion,Dragon,Manila
Gardening,Bulldog,Charger,Genghis Khan,Cheese,Dragonfly,Mexico
Planting,Bullfrog,Checkers,Geronimo,Cherry,Dreamcatcher,Moscow
Harvesting,Bumblebee,Cheese,Graham Greene,Chessboard,Druid,Mount Everest
Weeding,Burr oak,Chessboard,Greta Garbo,Chicken,Dunes,Mount Fuji
Mowing,Buttercup,Chisel,Haile Selassie,Chimney,Eclipse,Mount Kilimanjaro
Raking,Butterfly,Chopsticks,Harry Houdini,Chocolate,Eldorado,Mumbai
Sweeping,Cactus,Christmas tree,Helen Keller,Chopsticks,Elf,Nairobi
Dusting,Caiman,Clapperboard,Henry Ford,Church,Emerald,Naples
Vacuuming,Calf,Clarinets,Herman Melville,Circus,Enchantment,Nepal
Washing,Camel,Clock,Hilary Clinton,Clock,Endeavor,Netherlands
Ironing,Canary,Clothespin,Hillary Duff,Cloud,Epic,New Delhi
Folding,Cane,Cloud,Howard Hughes,Clown,Explorer,New York
Packing,Capybara,Coaster,Ian Fleming,Coat,Fable,New Zealand
Unpacking,Carnation,Coffee,Isaac Newton,Coconut,Falcon,Niagara Falls
Decorating,Carrot,Coffee machine,Jackie Chan,Coffee,Fantasy,Nile
Renovating,Cashew tree,Coin,Jacqueline Kennedy,Comet,Faun,Norway
Building,Cassowary,Comb,James Baldwin,Compass,Fiction,Osaka
Constructing,Cat,Compass,James Bond,Computer,Fireball,Paris
Repairing,Caterpillar,Computer,James Joyce,Concert,Firefly,Peru
Fixing,Catfish,Cone,Jane Austen,Cookie,Fjord,Philippines
Sanding,Cattle,Controller,Jane Goodall,Corn,Fortune,Poland
Polishing,Cave,Cookie,Janis Joplin,Cow,Fossil,Prague
Brushing,Cedar,Cork,Jean-Paul Sartre,Crab,Galaxy,Pyramids
Combing,Centipede,Corkscrew,Jeff Bezos,Crane,Galleon,Reykjavik
Shampooing,Cherry tree,Cotton candy,Jimi Hendrix,Crayon,Gargoyle,Rio de Janeiro
Conditioning,Chestnut tree,Cradle,Joan of Arc,Creeper,Ghost,Rome
Blow-drying,Chimpanzee,Crane,John F. Kennedy,Cricket,Giant,Russia
Trimming,Chinchilla,Crayon,John Lennon,Crow,Glacier,Sahara
Shaving,Chipmunk,Cream,Johnny Cash,Crown,Gnome,San Francisco
Waxing,Cicada,Credit card,Jonas Salk,Crucifix,Goblin,Santiago
Threading,Cinnamon tree,Crown,Joni Mitchell,Crystal,Gold rush,Sao Paulo
Manicuring,Citrine,Cuckoo clock,Joseph Stalin,Cupcake,Griffin,Scotland
Pedicuring,Clam,Cup,JRR Tolkien,Curtain,Grotto,Seoul
Exfoliating,Clematis,Curtains,Julius Caesar,Cushion,Guardian,Shanghai
Moisturizing,Cloud,Cushion,Kanye West,Daisy,Hacker,Singapore
Massaging,Clove,Cutlery,Karl Marx,Dartboard,Harpoon,South Africa
Bathing,Clover,Cymbals,Kate Middleton,Deer,Haunted house,Spain
Soaking,Cobra,Dagger,Katy Perry,Desk,Helm,Sri Lanka
Swimming,Cockatoo,Dartboard,Keanu Reeves,Dinosaur,Himalayas,Stockholm
Floating,Cockroach,Deckchair,Kendrick Lamar,Diving,Horizon,Sweden
Diving,Cod,Desk,King Arthur,Dog,Hurricane,Switzerland
Snorkeling,Coconut tree,Dice,Kurt Cobain,Doll,Hydra,Sydney
Scuba diving,Coral,Doll,Lady Gaga,Dolphin,Hypnosis,Tahiti
Sunbathing,Coral reef,Doughnut,Langston Hughes,Door,Iceberg,Taj Mahal
Tanning,Cormorant,Drill,Leonardo da Vinci,Dragon,Igloo,Thailand
Sunning,Corn,Drum,Levi Strauss,Drawer,Illusion,Tokyo
Relaxing,Coyote,Duck,Lewis Carroll,Dream,Immortal,Toronto
Lounging,Crab,Dustpan,Louis Armstrong,Drone,Incantation,Turkey
Resting,Crane,Earphones,Madonna,Drum,Infinity,UAE
Napping,Creeper,Easel,Mahatma Gandhi,Duck,Insect,Ukraine
Dreaming,Crocodile,Egg,Malala Yousafzai,Eagle,Intrigue,United Kingdom
Meditating,Crow,Eiffel Tower model,Marilyn Monroe,Earrings,Invasion,United States
Reflecting,Crystal,Electric fan,Mark Twain,Earth,Island,Vancouver
Pondering,Cuckoo,Electric guitar,Martin Luther King Jr.,Easel,Jungle,Venice
Thinking,Cypress,Eraser,Mary Shelley,Egg,Kingdom,Vietnam
Considering,Daffodil,Espresso machine,Maya Angelou,Elephant,Kraken,Vienna
Planning,Daisy,Eyeglasses,Michael Jackson,Elevator,Labyrinth,Washington DC
Plotting,Dandelion,Fan,Michael Jordan,Engine,Lagoon,Yosemite
Scheming,Deer,Fence,Michelangelo,Envelope,Lantern,Zimbabwe
Strategizing,Desert,Fiddle,Mick Jagger,Eraser,Legend,Zion National Park
Organizing,Dingo,Film reel,Milton Friedman,Eskimo,Leviathan,Acapulco
Sorting,Dinosaur,Fire extinguisher,Misty Copeland,Factory,Lightning,Aegean Sea
Categorizing,Dodo,Fireplace,Mohandas Gandhi,Fan,Lighthouse,Afghanistan
Labeling,Dog,Fishing rod,Muhammad Ali,Feather,Lore,Alaska
Arranging,Dolphin,Flag,Napoleon Bonaparte,Fence,Lost city,Albania
Prioritizing,Donkey,Flask,Neil Armstrong,Ferris wheel,Magma,Algeria
Scheduling,Dormouse,Floppy disk,Nelson Mandela,Fireworks,Mammoth,Amsterdam
Timing,Dove,Flute,Niccolo Machiavelli,Fish,Mansion,Andorra
Recording,Dragonfly,Fly swatter,Nikola Tesla,Flag,Map,Angola
Documenting,Driftwood,Fork,Nostradamus,Flashlight,Maroon,Anguilla
Photographing,Dromedary,Frame,Oprah Winfrey,Flower,Martian,Antigua
Filming,Duck,Fridge,Oscar Wilde,Flute,Maze,Argentina
Video recording,Dune,Frying pan,Ozzy Osbourne,Fog,Mermaid,Armenia
Editing,Eagle,Gavel,Pablo Picasso,Football,Meteor,Aruba
Publishing,Earthworm,Guitar,Pele,Forest,Mirage,Ashgabat
Sharing,Eel,Hairbrush,Peter Pan,Fork,Monsoon,Athens
Posting,Eggplant,Hammer,Phil Collins,Fountain,Monster,Auckland
Tweeting,Eider,Hammock,Plato,Fox,Moonlight,Austria
Blogging,Elephant,Handbag,Pocahontas,Frame,Mountain,Azerbaijan
Vlogging,Elm,Handle,Prince,Frisbee,Mystery,Baghdad
Streaming,Emu,Hanger,Princess Diana,Frog,Myth,Bahia
Broadcasting,Eucalyptus,Hat,Queen Elizabeth,Fruit,Nautilus,Bahrain
Networking,Falcon,Helmet,Ralph Waldo Emerson,Funnel,Nebula,Baku
Connecting,Fawn,Highlighter,Ravi Shankar,Galaxy,Neptune,Bali
Linking,Fern,Hockey stick,Ray Charles,Garage,Ninja,Baltic Sea
Following,Ficus,Hook,Rembrandt,Garden,Nomad,Bangkok
Unfollowing,Fig tree,Hoop,Richard Nixon,Garlic,Oasis,Barbados
Subscribing,Fir tree,Horse,Robin Williams,Giraffe,Obelisk,Bavaria
Unsubscribing,Firefly,Hot dog,Rosa Parks,Globe,Odyssey,Beirut
Liking,Fish,Hourglass,Salvador Dali,Goat,Oracle,Belarus
Disliking,Flamingo,Houseplant,Shakira,Goggles,Orca,Belgium
Commenting,Flea,Hula hoop,Shania Twain,Gorilla,Outlaw,Belize
Reviewing,Flock,Ice cream,Sigmund Freud,Grass,Palace,Benin
Rating,Flower,Igloo,Socrates,Guitar,Pandora,Bermuda
Recommending,Fly,Iron,Stan Lee,Hairbrush,Paradox,Bhutan
Endorsing,Forest,Jack-in-the-box,Stephen Hawking,Hamburger,Pegasus,Bolivia
Promoting,Fox,Jacket,Steven Spielberg,Hammer,Pharaoh,Bosnia
Advertising,Frog,Jar,Tchaikovsky,Hammock,Phenomenon,Botswana
Marketing,Fruit bat,Joystick,Tina Turner,Harp,Phoenix,Bratislava
Selling,Gannet,Jug,Tolstoy,Hat,Pioneer,Brazil
Buying,Garden,Juicer,Usain Bolt,Helicopter,Pirate,Brunei
Trading,Gazelle,Kaleidoscope,Vincent van Gogh,Helmet,Planet,Bucharest
Bargaining,Gecko,Kettle,Vladimir Putin,Hippo,Portal,Budapest
Negotiating,Geranium,Keyboard,Voltaire,Hockey,Predator,Bulgaria
Renting,Geyser,Keychain,Walt Disney,Horse,Prophecy,Burkina Faso
Leasing,Giraffe,Kite,Warren Buffett,Hot air balloon,Prowler,Burundi
Borrowing,Ginkgo,Knife,Whitney Houston,House,Quest,Cambodia
Lending,Giraffe,Ladder,Will Smith,Hurricane,Ranger,Cameroon
Saving,Glacier,Lamp,William Faulkner,Ice cream,Raven,Canberra
Investing,Goldfish,Lantern,William Shakespeare,Igloo,Realm,Cape Town
Spending,Goose,Laptop,Woody Allen,Internet,Rebel,Caracas
Budgeting,Gorilla,Lawnmower,Wright brothers,Insect,Relic,Cayman Islands
Accounting,Gorse,Leaf blower,Yoko Ono,Island,Riddle,Chad
Auditing,Goshawk,Lego,Zac Efron,Jacket,Rift,Channel Islands
Banking,Grass,Letter,Zelda Fitzgerald,Jaguar,Robot,Chile
Insuring,Grasshopper,Life jacket,Zinedine Zidane,Jellyfish,Rocket,China
Taxing,Grizzly bear,Lighter,Zoe Saldana,Jigsaw puzzle,Runes,Colombia
Billing,Grove,Lighthouse model,Aaliyah,Joker,Safari,Comoros
Invoicing,Guanaco,Lock,Aaron Burr,Journey,Sahara,Congo
Paying,Gull,Lollipop,Aaron Copland,Juice,Sapphire,Cook Islands
Receiving,Guppy,Luggage,Aaron Sorkin,Kangaroo,Savannah,Costa Rica
Sending,Haddock,Magnifying glass,Abby Wambach,Ketchup,Scepter,Cote d'Ivoire
Shipping,Halibut,Mailbox,Abel Tasman,Keyboard,Scorpion,Croatia
Delivering,Hare,Map,Abigail Adams,Kite,Secret,Cuba
Mailing,Hawk,Maracas,Ace Frehley,Koala,Seer,Curacao
Packaging,Hazel,Marker,Adam Driver,Koi fish,Shadow,Cyprus
Wrapping,Hedgehog,Mat,Adam Levine,Ladder,Sheriff,Czech Republic
Unwrapping,Heron,Matchbox,Adam Sandler,Lake,Shipwreck,Denmark
Opening,Herring,Mattress,Adele,Lamp,Shogun,Djibouti
Closing,Hibiscus,Measuring tape,Adrianne Palicki,Laptop,Showdown,Dominica
Locking,Hippopotamus,Medal,Aesop,Laundry,Skeleton,Dominican Republic
Unlocking,Holly,Megaphone,Agatha Christie,Lawnmower,Skylark,East Timor
Securing,Honeybee,Microscope,Agnes Moorehead,Leaf,Sleuth,Ecuador
Guarding,Hornet,Milk,Aisha Tyler,Lemon,Sphinx,El Salvador
Protecting,Horse,Milkshake,Al Capone,Library,Spirit,Equatorial Guinea
Defending,Hummingbird,Mirror,Alan Alda,Lightning,Spyglass,Eritrea
Fighting,Hyacinth,Mixer,Alan Ladd,Lighthouse,Squadron,Estonia
Battling,Hyena,Model plane,Alan Rickman,Lion,Starship,Eswatini
Warring,Ibex,Money,Alanis Morissette,Lizard,Stowaway,Ethiopia
Competing,Ibis,Monitor,Albert Camus,Lock,Supernova,Falkland Islands
Racing,Iguana,Mop,Alec Baldwin,Lollipop,Survivor,Faroe Islands
Contesting,Impala,Mortarboard,Alejandro Jodorowsky,Lunchbox,Swamp,Fiji
Challenging,Inchworm,Mouse,Alessandro Volta,Magic,Sword,Finland
Debating,Iris,Mug,Alex Rodriguez,Mailbox,Talisman,France
Discussing,Ivy,Musical box,Alexander Fleming,Mango,Tavern,French Guiana
Arguing,Jackal,Napkin,Alexander Hamilton,Map,Temple,French Polynesia
Disagreeing,Jaguar,Needle,Alfred Nobel,Marble,Thunder,Gabon
Agreeing,Jasmine,Newspaper,Alice Cooper,Mask,Tiger,Gambia
Compromising,Jay,Notebook,Alicia Keys,Matchbox,Tornado,Georgia
Collaborating,Jellyfish,Nutcracker,Allen Ginsberg,Medal,Tower,Ghana
Teaming,Juniper,Oar,Allison Janney,Melon,Trailblazer,Gibraltar
Partnering,Kangaroo,Oboe,Amanda Bynes,Microscope,Treasure,Greece
Assisting,Kelp,Oil can,Amanda Seyfried,Milk,Troglodyte,Greenland
Helping,Kingfisher,Oven,Amartya Sen,Mirror,Tsunami,Grenada
Supporting,Kite,Padlock,Amber Heard,Moon,Tundra,Guadeloupe
Aiding,Koala,Paintbrush,Ambrose Bierce,Mop,Twilight,Guam
Guiding,Koi,Palette,Amelia Earhart,Mountain,Unicorn,Guatemala
Mentoring,Komodo dragon,Pan,Amy Adams,Mouse,Vampire,Guinea
Coaching,Kudu,Paper,Amy Poehler,Muffin,Viking,Guinea-Bissau
Training,Ladybug,Paperclip,Anastacia,Mushroom,Vision,Guyana
Teaching,Lake,Pasta,Andre Agassi,Music,Voyage,Haiti
Instructing,Lamprey,Passport,Andre 3000,Napkin,Vulture,Honduras
Tutoring,Lark,Peeler,Andrea Bocelli,Necklace,Wanderer,Hungary
Lecturing,Lava,Pen,Andres Segovia,Needle,Warrior,Iceland
Presenting,Lemon tree,Pencil,Andrew Carnegie,Nest,Waterfall,India
Demonstrating,Lemur,Perfume,Andrew Jackson,Notebook,Werewolf,Indonesia
Explaining,Leopard,Piano,Andrew Johnson,Octopus,Whale,Iran
Illustrating,Lettuce,Picture,Andrew Lloyd Webber,Omelette,Whirlpool,Iraq
Clarifying,Lichen,Piggy bank,Andrew McCarthy,Orange,Wilderness,Ireland
Describing,Lighthouse,Pillow,Andrew Mellon,Ostrich,Windswept,Israel
Narrating,Lily,Pin,Andrew Wyeth,Oven,Wizard,Italy
Storytelling,Lime tree,Pitcher,Andy Dick,Owl,Wolverine,Jamaica
Reciting,Lion,Pizza,Andy Garcia,Paintbrush,Wormhole,Japan
Reading aloud,Lizard,Plate,Andy Kaufman,Palace,Wraith,Jordan
Singing,Lobster,Plow,Andy Samberg,Palm tree,Zephyr,Kazakhstan
Rapping,Locust,Plunger,Angela Bassett,Panda,Zombie,Kenya
Humming,Loon,Pocket watch,Angela Davis,Pants,Medal,Kiribati
Whistling,Lynx,Pogo stick,Angela Lansbury,Paper,Melon,Kosovo
Playing,Macaw,Potholder,Angie Dickinson,Parade,Microscope,Kuwait
Practicing,Mackerel,Power bank,Anita Baker,Parrot,Milk,Kyrgyzstan
Rehearsing,Magnolia,Printer,Anita Bryant,Passport,Mirror,Laos
Performing,Magpie,Puzzle,Ann Coulter,Peach,Moon,Latvia
Acting,Mallow,Quill,Anna Kendrick,Peacock,Mop,Lebanon
Dancing,Mango tree,Rack,Anne Bancroft,Peanut,Mountain,Lesotho
Miming,Mangrove,Radio,Anne Hathaway,Pear,Mouse,Liberia
Imitating,Manatee,Rake,Anne Rice,Pebble,Muffin,Libya
Mimicking,Maple tree,Razor,Anne Sullivan,Pen,Mushroom,Liechtenstein
Parodying,Marigold,Refrigerator,Annie Lennox,Pencil,Music,Lithuania
